{"spacing": [0.031746031746031744, 0.031746031746031744, 0.031746031746031744], "padding": "0.3", "centroid": [-0.00048499999999986407, 0.39108465, 0.002406000000000042], "none_equal_scale": [0.6711700863440575, 2.0498111340194254, 1.8693274159957245]}