{"spacing": [0.031746031746031744, 0.031746031746031744, 0.031746031746031744], "padding": "0.3", "centroid": [0.0007000000000000203, 0.43030572999999994, 0.00012149999999999569], "none_equal_scale": [2.995035288562841, 1.9357324528073552, 3.0897799167940447]}