{"spacing": [0.031746031746031744, 0.031746031746031744, 0.031746031746031744], "padding": "0.3", "centroid": [-0.0002265000000000293, 0.38721306, -0.0002804999999999986], "none_equal_scale": [1.1961629905763465, 2.140546036673245, 2.1020898482662087]}