{"camera_pose_tran": [-1.7730071817432067, -5.870324603159164, 1.1099400744456867], "camera_pose_rot": [[0.2588102511899485, -0.002651556902155399, -0.9659245431838818], [-0.9659281825679359, -0.0007104566574161589, -0.2588092760554425], [-7.330802417239229e-19, 0.9999962322415682, -0.0027450870054398775]], "camera_extrinsics": [[0.2588102511899486, -0.9659281825679359, -2.244891891658312e-19, -5.211439540944829], [-0.0026515569021553984, -0.0007104566574161591, 0.9999962322415684, -1.1188077330854431], [-0.9659245431838814, -0.25880927605544235, -0.002745087005439878, -3.228838730765945]], "camera_intrinsics": [[584.0, 0.0, 324.0], [0.0, 584.0, 242.0], [0.0, 0.0, 1.0]], "obj_dict": {"0": {"model_file_name": ["30d524b6-ad13-440f-a1ac-6d564213c2f7"], "obj_id": [346], "label": ["Nightstand"], "cls_id": [15], "obj_tran": [1.6157814264297485, -3.1943318843841553, 0.0], "obj_rot": [[-4.3711390001862366e-08, -1.9106855409244415e-15, -0.999999999999999], [-0.9999999999999951, -8.74227782886002e-08, 4.3711390001862366e-08], [-8.742277828860018e-08, 0.9999999999999961, 1.9106856158949172e-15]], "obj_scale": [1.0, 1.0, 1.0], "bbox3d_world": [[1.887109398841858, 1.3444404602050781, 1.887109398841858, 1.3444404602050781, 1.887109398841858, 1.3444404602050781, 1.887109398841858, 1.3444403409957886], [-2.8809189796447754, -2.8809189796447754, -2.8809189796447754, -2.8809187412261963, -3.507744789123535, -3.507744789123535, -3.507744789123535, -3.507744789123535], [-1.83959336652606e-09, -2.5560408900560105e-08, 0.6235700249671936, 0.6235700249671936, 2.5559840466371497e-08, 1.839024932337452e-09, 0.6235700249671936, 0.6235700249671936]], "bbox3d_world_center": [1.6157749146223068, -3.194331854581833, 0.3117850124834547], "half_length": [0.3134129191450002, 0.31178503988316775, 0.2713345599268036], "bbox3d_camera": [[-1.9402754492739045, -2.0807237335954722, -1.9402754492739045, -2.080723963890697, -1.3348067343374108, -1.4752550186589786, -1.3348067343374108, -1.4752550495115648], [-1.1217647448080859, -1.1203258509589842, -0.498197067462525, -0.49675815006208335, -1.1213193848393708, -1.1198804909902693, -0.4977517348931406, -0.49631281700722263], [-4.306035459278978, -3.781858212561049, -4.3077472132565475, -3.7835700283086737, -4.143807125390127, -3.6196298786721983, -4.145518879292482, -3.621341517492491]], "bbox_2d_from_3d": [[60.85287241789342, 394.1377650423754], [2.6916398970786872, 415.0023338228165], [60.95743824314388, 309.5404272801249], [2.8369751794026, 318.67540377624243], [135.88141502129935, 400.031129570139], [85.97872164407912, 422.68427675213854], [135.9590923233016, 312.1207790005785], [86.09121819824597, 322.0384840071409]], "bbox_2d": [4, 313, 129, 415], "render_box": [103, 412, 235, 521], "occ_iou": 0.8193884806826263}, "1": {"model_file_name": ["09d273b4-c8cc-4f51-8cec-68f8838d6bb0"], "obj_id": [348], "label": ["Three-Seat / Multi-seat Sofa"], "cls_id": [15], "obj_tran": [1.4366658926010132, -5.010326862335205, 0.0], "obj_rot": [[-4.3711390001862366e-08, -1.9106855409244415e-15, -0.999999999999999], [-0.9999999999999951, -8.74227782886002e-08, 4.3711390001862366e-08], [-8.742277828860018e-08, 0.9999999999999961, 1.9106856158949172e-15]], "obj_scale": [1.0, 1.0, 1.0], "bbox3d_world": [[1.862494945526123, 1.0109699964523315, 1.862494945526123, 1.010969877243042, 1.8624948263168335, 1.010969877243042, 1.8624948263168335, 1.010969877243042], [-3.9257068634033203, -3.9257068634033203, -3.9257068634033203, -3.9257068634033203, -6.09494686126709, -6.09494686126709, -6.09494686126709, -6.09494686126709], [-2.879666993749197e-08, -6.601801061378865e-08, 0.8672919869422913, 0.8672919273376465, 6.602382285336716e-08, 2.8802483953427327e-08, 0.867292046546936, 0.8672919869422913]], "bbox3d_world_center": [1.4367323964834213, -5.010326862335205, 0.4336459934725989], "half_length": [1.0846199796320137, 0.4336460882901852, 0.425762471830132], "bbox3d_camera": [[-0.9374558603915624, -1.1578392463558584, -0.9374558603915624, -1.1578392772084447, 1.1578741574460762, 0.9374907714817793, 1.1578741574460762, 0.9374907714817793], [-1.1209572286338747, -1.118699398999001, -0.25366848064171843, -0.25141067307397424, -1.1194159824996333, -1.1171581528647578, -0.2521272697231923, -0.2498694624715384], [-4.011858958803209, -3.1893501112572538, -4.014239750845537, -3.191730788090958, -3.4504394104786904, -2.6279305629327343, -3.4528202024243466, -2.6303113548169463]], "bbox_2d_from_3d": [[187.53602454858205, 405.1759810712464], [111.98874495303704, 446.8443809004949], [187.61695951185885, 278.9042214440629], [112.14687616740753, 288.0013211712694], [519.974607145673, 431.4654146931073], [532.3367872301628, 490.2639269376001], [519.8394785438657, 284.6440755342431], [532.1482139149498, 297.477753922989]], "bbox_2d": [116, 281, 531, 483], "render_box": [215, 380, 631, 587], "occ_iou": 0.7328842128609251}}, "before_padding_margin_object": [327, 347, 356, 50, 348, 87, 372, 90, 355], "after_padding_margin_object": [356, 372, 355, 347]}