{"camera_pose_tran": [-4.9891334838537365, -0.5402074173710936, 1.3902034880709666], "camera_pose_rot": [[0.9659258262890685, 0.0363639866537898, -0.2562517484475445], [-0.2588190451025207, 0.13571224575770016, -0.9563445447345957], [0.0, 0.990080727428852, 0.14049965542290632]], "camera_extrinsics": [[0.9659258262890681, -0.2588190451025206, 7.183671577107883e-18, 4.679316914936592], [0.036363986653789794, 0.13571224575770013, 0.9900807274288518, -1.1216761355361984], [-0.25625174844754445, -0.9563445447345956, 0.1404996554229063, -1.990421706145412]], "camera_intrinsics": [[584.0, 0.0, 324.0], [0.0, 584.0, 242.0], [0.0, 0.0, 1.0]], "obj_dict": {"0": {"model_file_name": ["69c544a9-6dc0-4ce3-a6b3-e987a6f37a7a"], "obj_id": [414], "label": ["Wardrobe"], "cls_id": [22], "obj_tran": [-2.4579999446868896, 2.4895389080047607, 0.0], "obj_rot": [[-4.3711390001862366e-08, -1.9106855409244415e-15, -0.999999999999999], [-0.9999999999999984, 3.178651126218092e-08, 4.3711390001862287e-08], [3.1786511262180796e-08, 0.9999999999999994, -3.3001181315042197e-15]], "obj_scale": [1.0, 1.0, 1.0], "bbox3d_world": [[-2.1634199619293213, -2.753950834274292, -2.163419723510742, -2.753950834274292, -2.1634199619293213, -2.753951072692871, -2.163419723510742, -2.753950834274292], [3.5964889526367188, 3.5964889526367188, 3.5964889526367188, 3.5964889526367188, 1.3825888633728027, 1.3825888633728027, 1.3825889825820923, 1.3825889825820923], [-7.062649842737301e-08, -2.604264182082261e-08, 2.18176007270813, 2.18176007270813, 2.6146150133854462e-08, 7.073000318769118e-08, 2.18176007270813, 2.18176007270813]], "bbox3d_world_center": [-2.4586853682994843, 2.489538937807083, 1.0908800363799416], "half_length": [1.106950002806724, 1.0908800011421111, 0.2952654175884826], "bbox3d_camera": [[1.6587738641565486, 1.0883648433375286, 1.6587740944512115, 1.0883648433375286, 2.23177337121222, 1.6613641200985372, 2.2317735706532487, 1.6613643195395658], [-0.7122591874791857, -0.7337332000981718, 1.4478594909786893, 1.4263854255482358, -1.0127124446636302, -1.03418646595247, 1.1474061541596707, 1.1259320887292172], [-4.875524158250068, -4.724199583435398, -4.5689876709913, -4.4176630413454685, -2.7582728716985634, -2.606948235788717, -2.4517365120414727, -2.3004118823956423]], "bbox_2d_from_3d": [[522.6912391826032, 327.315824921918], [458.54238274304873, 332.70323581581846], [536.0215988565648, 56.937136272004466], [467.87812346944713, 53.43670743469295], [796.5260006582747, 456.4182592490775], [696.1733453767663, 473.675062751492], [855.6051536778884, -31.31044373577157], [745.766541042513, -43.837655791056875]], "bbox_2d": [462, 0, 647, 432], "render_box": [561, 56, 847, 570], "occ_iou": 0.5707208820779857}, "1": {"model_file_name": ["57f08c70-969f-4320-9fc4-fb83447094e8"], "obj_id": [415], "label": ["Single bed"], "cls_id": [17], "obj_tran": [-4.2164998054504395, 2.3433001041412354, 0.0], "obj_rot": [[0.9999999999999809, 8.742277657347442e-08, -1.7484556000744883e-07], [-1.748455561860769e-07, -4.371140528734658e-08, -0.9999999999999837], [-8.742278421621813e-08, 0.9999999999999952, -4.3711390001861744e-08]], "obj_scale": [1.0, 1.0, 1.0], "bbox3d_world": [[-5.10474967956543, -5.104750156402588, -5.10474967956543, -5.104750156402588, -3.328761577606201, -3.3287620544433594, -3.3287618160247803, -3.3287620544433594], [3.4873902797698975, 1.2003002166748047, 3.4873902797698975, 1.2003002166748047, 3.4873900413513184, 1.2002999782562256, 3.4873900413513184, 1.200299859046936], [1.18428822304395e-08, -8.812899920940254e-08, 1.0768699645996094, 1.0768698453903198, 1.6710468742076046e-07, 6.713280242820474e-08, 1.076870083808899, 1.0768699645996094]], "bbox3d_world_center": [-4.216755896806717, 2.3438451141119003, 0.5384350020437263], "half_length": [0.8879939952356631, 0.5384350901727379, 1.1435450762674244], "bbox3d_camera": [[-1.1540956594063578, -0.5621536538019489, -1.1540956594063578, -0.5621536538019489, 0.5613771771654328, 1.1533191827698421, 0.5613769468707694, 1.1533192136234764], [-0.834023606328297, -1.1444098513609853, 0.2321645798433567, -0.07822168423591869, -0.7694414773259619, -1.0798277223586537, 0.2967466644809409, -0.013639607106644913], [-4.0174673431242045, -1.8302211298221693, -3.866167485826603, -1.6789212752274172, -4.4725671496487545, -2.28532093634672, -4.321267236321342, -2.1340209728121797]], "bbox_2d_from_3d": [[156.2346375143949, 363.2380200001708], [144.6240063176209, 607.166450274647], [149.66925319087395, 206.93061536377496], [128.45912583014422, 269.20881810708414], [397.3011401495357, 342.468882349514], [618.7237703139832, 517.9434702705487], [399.8675913900711, 201.89601138290203], [639.6194008105421, 245.7326393000645]], "bbox_2d": [155, 204, 584, 483], "render_box": [254, 303, 684, 683], "occ_iou": 0.7221640609453275}}, "before_padding_margin_object": [384, 416, 271, 150, 408, 107, 98, 101, 99, 415, 100, 418, 151, 103, 152, 414, 56, 55], "after_padding_margin_object": [418, 416, 414, 415]}