{"spacing": [0.031746031746031744, 0.031746031746031744, 0.031746031746031744], "padding": "0.3", "centroid": [-0.00041149999999999135, 0.5354988499999999, 0.0018699999999998282], "none_equal_scale": [0.9449426392025574, 1.5198895880679013, 0.7297515410635486]}