{"camera_pose_tran": [1.927192346993015, 3.285909345569434, 1.329938221004068], "camera_pose_rot": [[-0.25882783899364065, -0.00281637771189638, -0.9659193640146501], [-0.96592346993014, 0.0007546736150978046, 0.25882673877683626], [-1.0472518729105004e-19, 0.9999957492331248, -0.002915735873050143]], "camera_extrinsics": [[-0.2588278389936406, -0.96592346993014, 1.1224514221234514e-19, 3.672747987445588], [-0.00281637771189638, 0.0007546736150978044, 0.9999957492331247, -1.3269846552588282], [-0.96591936401465, 0.2588267387768362, -0.002915735873050142, 1.0149089548912509]], "camera_intrinsics": [[584.0, 0.0, 324.0], [0.0, 584.0, 242.0], [0.0, 0.0, 1.0]], "obj_dict": {"0": {"model_file_name": ["29570056-ebce-4b38-b9f6-550b3253cd67"], "obj_id": [356], "label": ["Three-Seat / Multi-seat Sofa"], "cls_id": [89], "obj_tran": [5.559500217437744, 2.3125998973846436, 0.0], "obj_rot": [[-4.3711390001862366e-08, -1.9106855409244415e-15, -0.999999999999999], [-0.9999999999999984, 3.178651126218092e-08, 4.3711390001862287e-08], [3.1786511262180796e-08, 0.9999999999999994, -3.3001181315042197e-15]], "obj_scale": [0.8604261875152588, 1.0, 1.0154353380203247], "bbox3d_world": [[5.999053001403809, 5.1199631690979, 5.999053001403809, 5.1199631690979, 5.99905252456665, 5.119962692260742, 5.99905252456665, 5.1199631690979], [3.3840506076812744, 3.3840508460998535, 3.3840508460998535, 3.3840508460998535, 1.2411490678787231, 1.2411490678787231, 1.2411490678787231, 1.2411490678787231], [-8.00198947104036e-08, -1.3650463870362728e-08, 0.7944109439849854, 0.7944110035896301, 1.3649312791130797e-08, 8.001874363117167e-08, 0.7944110035896301, 0.7944110631942749]], "bbox3d_world_center": [5.55950790643692, 2.312599927186966, 0.3972055017945273], "half_length": [1.0714508911471319, 0.3972055273420635, 0.4395446905044117], "bbox3d_camera": [[-1.1487078423067687, -0.9211751510238497, -1.1487080726008698, -0.9211751510238497, 0.9211711721566829, 1.148704093733703, 0.9211711721566829, 1.1487039703149717], [-1.3413264807382488, -1.3388505651787108, -0.5469188334095068, -0.5444429247946543, -1.3429435769783273, -1.3404676615987177, -0.5485359638939314, -0.5460600566220325], [-3.9038097220396617, -3.054679768791406, -3.9061259530511956, -3.0569960614923186, -4.458449478793486, -3.609319587254334, -4.4607657714148, -3.6116363404421685]], "bbox_2d_from_3d": [[152.15623002325796, 442.65902811007413], [147.88782821225925, 497.9642218646454], [152.2580944746828, 323.7691499327251], [148.02126879571054, 346.00885761196037], [444.6616710805665, 417.9084750619579], [509.8641703853117, 458.8921580505329], [444.59901642602483, 313.8139035604314], [509.74492430259824, 330.2976698114142]], "bbox_2d": [149, 321, 506, 483], "render_box": [248, 420, 606, 593], "occ_iou": 0.9867001048368862}, "1": {"model_file_name": ["0f3ad2d0-9f46-4fa4-999b-bcdced69f8e9"], "obj_id": [359], "label": ["Coffee Table"], "cls_id": [3], "obj_tran": [5.480199813842773, 0.619700014591217, 0.0], "obj_rot": [[-4.3711390001862366e-08, -1.9106855409244415e-15, -0.999999999999999], [-0.9999999999999984, 3.178651126218092e-08, 4.3711390001862287e-08], [3.1786511262180796e-08, 0.9999999999999994, -3.3001181315042197e-15]], "obj_scale": [0.5710707306861877, 1.0, 0.8326759338378906], "bbox3d_world": [[5.920159816741943, 5.040240287780762, 5.920159816741943, 5.04024076461792, 5.920159816741943, 5.040240287780762, 5.920159816741943, 5.040240287780762], [1.0594741106033325, 1.059474229812622, 1.0594741106033325, 1.059474229812622, 0.1799258440732956, 0.17992587387561798, 0.1799258440732956, 0.17992588877677917], [-5.2439204978327325e-08, 1.3992865532941323e-08, 0.2274579405784607, 0.22745801508426666, -1.3992929481787542e-08, 5.2439141029481107e-08, 0.22745798528194427, 0.22745805978775024]], "bbox3d_world_center": [5.480200111865997, 0.6197000164538622, 0.11372900009153675], "half_length": [0.4397741505233879, 0.11372904571732903, 0.4399598048620964], "bbox3d_camera": [[1.117074906366164, 1.3448224613884379, 1.117074906366164, 1.3448223379697066, 1.9666512199438968, 2.1943988613264587, 1.9666512199438968, 2.1943988469330775], [-1.3428585566993954, -1.3403803044280145, -1.115401530552632, -1.1129232715505035, -1.3435222901232384, -1.3410440379193307, -1.1160652577192935, -1.113586997430439], [-4.429267821142365, -3.579336478683256, -4.429931028572219, -3.5800001467228952, -4.656918430677254, -3.806987111359059, -4.657581638125351, -3.8076503149738787]], "bbox_2d_from_3d": [[471.2865881362723, 419.0562153340694], [543.4195270906096, 460.6947503951697], [471.2645377795196, 389.0439358178187], [543.3788304989976, 423.5494871363206], [570.6275348267602, 410.4841658946267], [660.6254987286147, 447.71903587698375], [570.5924167696414, 381.94002921447577], [660.5668642336209, 412.79688330146405]], "bbox_2d": [502, 388, 587, 443], "render_box": [592, 487, 724, 544], "occ_iou": 0.6627983358878914}, "2": {"model_file_name": ["5a04bc49-3476-4d7e-9538-d000162fa449"], "obj_id": [405], "label": ["Bookcase / jewelry Armoire"], "cls_id": [91], "obj_tran": [5.479800224304199, 4.049300193786621, 0.0], "obj_rot": [[-4.3711390001862366e-08, -1.9106855409244415e-15, -0.999999999999999], [-0.9999999999999984, 3.178651126218092e-08, 4.3711390001862287e-08], [3.1786511262180796e-08, 0.9999999999999994, -3.3001181315042197e-15]], "obj_scale": [0.4331420063972473, 1.0, 1.2272521257400513], "bbox3d_world": [[5.676752090454102, 5.282848358154297, 5.676752090454102, 5.282848358154297, 5.676752090454102, 5.282848358154297, 5.676752090454102, 5.282848358154297], [4.222675800323486, 4.222675800323486, 4.222675800323486, 4.222675800323486, 3.875924587249756, 3.875924825668335, 3.875924825668335, 3.875924825668335], [-2.2447936842695526e-08, 7.2909696058331974e-09, 1.5214799642562866, 1.5214799642562866, -7.2909696058331974e-09, 2.2447936842695526e-08, 1.5214799642562866, 1.5214799642562866]], "bbox3d_world_center": [5.479800224304199, 4.049300283193588, 0.7607399821281433], "half_length": [0.1733754903155629, 0.7607399766171424, 0.19695185857141745], "bbox3d_camera": [[-1.8753351500677717, -1.7733818982650837, -1.8753351500677717, -1.7733818982650837, -1.5404000151331085, -1.4384469936245217, -1.5404002454272097, -1.4384469936245217], [-1.3397858137585696, -1.3386764023275077, 0.181687705488925, 0.18279708718120702, -1.3400474825931767, -1.3389380709821865, 0.18142602167734334, 0.18253540336962515], [-3.3754344076139624, -2.994955165114649, -3.3798706413913244, -2.9993913988053, -3.4651828933049416, -3.0847035890965255, -3.469619065329007, -3.0891398227429825]], "bbox_2d_from_3d": [[-0.4606753931130356, 473.8027313669812], [-21.79984390088964, 503.0346318587835], [-0.03480601516196202, 210.60660325098897], [-21.288390504595327, 206.408279974282], [64.39072783839646, 467.84312399395947], [51.6713888342307, 495.48945558902733], [64.72261928725987, 211.46270046809258], [52.06247289551277, 207.4917932872311]], "bbox_2d": [0, 242, 64, 380], "render_box": [79, 306, 164, 601], "occ_iou": 0.3527040644944575}}, "before_padding_margin_object": [315, 357, 317, 193, 349, 356, 318, 238, 233, 406, 405, 358], "after_padding_margin_object": [349, 358, 357]}