{"spacing": [0.031746031746031744, 0.031746031746031744, 0.031746031746031744], "padding": "0.3", "centroid": [-5.399999999997981e-05, 0.31225775, -0.0016095000000000382], "none_equal_scale": [2.599197612407652, 2.6146907166944153, 3.0002417841908433]}