{"spacing": [0.031746031746031744, 0.031746031746031744, 0.031746031746031744], "padding": "0.3", "centroid": [-0.0010585000000000308, 0.45096320000000006, -0.0005435000000000256], "none_equal_scale": [3.066848272191804, 1.8439305831723327, 2.882963550861412]}