{"spacing": [0.031746031746031744, 0.031746031746031744, 0.031746031746031744], "padding": "0.3", "centroid": [-6.500000000000205e-05, 0.37098563000000007, 5.849999999997168e-05], "none_equal_scale": [2.585346862301385, 2.2492284286490625, 2.8698812713236395]}