{"spacing": [0.031746031746031744, 0.031746031746031744, 0.031746031746031744], "padding": "0.3", "centroid": [7.000000000001406e-05, 0.41078115, -0.0002650000000000091], "none_equal_scale": [0.7257699565391873, 1.9969793924648331, 1.9140738472208774]}